"month","year","treatment","species","wgt","period","energy","decade"
8,1977,"control","PF",9,2,29.5661072852007,1970
8,1977,"control","PF",8,2,27.0663539374619,1970
8,1977,"control","DM",40,2,90.5018089336904,1970
8,1977,"control","DM",29,2,71.1067394489141,1970
8,1977,"control","DM",46,2,100.503373641219,1970
8,1977,"control","PF",8,2,27.0663539374619,1970
8,1977,"control","DM",41,2,92.1934694843704,1970
8,1977,"control","PF",9,2,29.5661072852007,1970
8,1977,"control","DM",40,2,90.5018089336904,1970
8,1977,"control","DM",46,2,100.503373641219,1970
8,1977,"control","PF",8,2,27.0663539374619,1970
8,1977,"control","DM",37,2,85.3617990345562,1970
8,1977,"control","DM",39,2,88.7995411482622,1970
8,1977,"control","DM",34,2,80.1164051605652,1970
8,1977,"control","DM",48,2,103.763161232581,1970
8,1977,"control","DM",36,2,83.6255798186177,1970
8,1977,"control","DM",35,2,81.8772598057385,1970
8,1977,"control","DM",42,2,93.8748452722046,1970
8,1977,"control","DO",52,2,110.18304597148,1970
8,1977,"control","PF",7,2,24.4870121320489,1970
8,1977,"control","DM",22,2,57.8001914615828,1970
8,1977,"control","DM",45,2,98.8602380143538,1970
8,1977,"control","DM",42,2,93.8748452722046,1970
8,1977,"control","PP",15,2,43.3691300549964,1970
8,1977,"control","DM",41,2,92.1934694843704,1970
8,1977,"control","DM",31,2,74.7538451814357,1970
8,1977,"control","DM",40,2,90.5018089336904,1970
8,1977,"control","DM",40,2,90.5018089336904,1970
8,1977,"control","DM",45,2,98.8602380143538,1970
8,1977,"control","DM",29,2,71.1067394489141,1970
8,1977,"control","DM",42,2,93.8748452722046,1970
8,1977,"control","DM",43,2,95.5462415403459,1970
8,1977,"control","DM",41,2,92.1934694843704,1970
8,1977,"control","DM",30,2,72.9378919918372,1970
8,1977,"control","DM",43,2,95.5462415403459,1970
8,1977,"control","DM",39,2,88.7995411482622,1970
8,1977,"control","DM",41,2,92.1934694843704,1970
8,1977,"control","DM",46,2,100.503373641219,1970
8,1977,"control","DM",40,2,90.5018089336904,1970
8,1977,"control","DM",42,2,93.8748452722046,1970
9,1977,"control","PF",4,3,16.0937503398058,1970
9,1977,"control","DM",51,3,108.590016337657,1970
9,1977,"control","DM",44,3,97.2079476020466,1970
9,1977,"control","PE",19,3,51.7818386467049,1970
9,1977,"control","PP",15,3,43.3691300549964,1970
9,1977,"control","DM",45,3,98.8602380143538,1970
9,1977,"control","DM",39,3,88.7995411482622,1970
9,1977,"control","PF",9,3,29.5661072852007,1970
9,1977,"control","DM",42,3,93.8748452722046,1970
9,1977,"control","DM",46,3,100.503373641219,1970
9,1977,"control","DM",45,3,98.8602380143538,1970
9,1977,"control","DM",42,3,93.8748452722046,1970
9,1977,"control","DM",36,3,83.6255798186177,1970
9,1977,"control","DM",34,3,80.1164051605652,1970
9,1977,"control","PF",7,3,24.4870121320489,1970
9,1977,"control","DM",50,3,106.989157998308,1970
9,1977,"control","DM",45,3,98.8602380143538,1970
9,1977,"control","DM",29,3,71.1067394489141,1970
9,1977,"control","DM",46,3,100.503373641219,1970
9,1977,"control","DM",53,3,111.768434661472,1970
9,1977,"control","PP",16,3,45.52,1970
9,1977,"control","DM",44,3,97.2079476020466,1970
9,1977,"control","DM",40,3,90.5018089336904,1970
9,1977,"control","DM",34,3,80.1164051605652,1970
9,1977,"control","DM",44,3,97.2079476020466,1970
9,1977,"control","DM",48,3,103.763161232581,1970
9,1977,"control","DM",44,3,97.2079476020466,1970
9,1977,"control","DM",45,3,98.8602380143538,1970
9,1977,"control","DM",51,3,108.590016337657,1970
9,1977,"control","DM",45,3,98.8602380143538,1970
9,1977,"control","DM",49,3,105.380274719703,1970
9,1977,"control","DM",46,3,100.503373641219,1970
9,1977,"control","DM",41,3,92.1934694843704,1970
9,1977,"control","DM",46,3,100.503373641219,1970
9,1977,"control","DM",37,3,85.3617990345562,1970
9,1977,"control","DM",48,3,103.763161232581,1970
9,1977,"control","DM",42,3,93.8748452722046,1970
9,1977,"control","DM",44,3,97.2079476020466,1970
9,1977,"control","DM",40,3,90.5018089336904,1970
9,1977,"control","DM",35,3,81.8772598057385,1970
9,1977,"control","DM",37,3,85.3617990345562,1970
9,1977,"control","DM",41,3,92.1934694843704,1970
9,1977,"control","DM",33,3,78.3425532205783,1970
9,1977,"control","DM",48,3,103.763161232581,1970
9,1977,"control","DM",36,3,83.6255798186177,1970
9,1977,"control","PF",8,3,27.0663539374619,1970
10,1977,"control","DM",40,4,90.5018089336904,1970
10,1977,"control","DM",38,4,87.0863249865208,1970
10,1977,"control","DM",53,4,111.768434661472,1970
10,1977,"control","DM",39,4,88.7995411482622,1970
10,1977,"control","DM",49,4,105.380274719703,1970
10,1977,"control","DM",47,4,102.137602618615,1970
10,1977,"control","DM",41,4,92.1934694843704,1970
10,1977,"control","DM",55,4,114.91700096632,1970
10,1977,"exclosure","DO",33,4,78.3425532205783,1970
10,1977,"exclosure","DO",50,4,106.989157998308,1970
10,1977,"exclosure","DM",31,4,74.7538451814357,1970
10,1977,"exclosure","DM",39,4,88.7995411482622,1970
10,1977,"control","DM",42,4,93.8748452722046,1970
10,1977,"control","DM",43,4,95.5462415403459,1970
10,1977,"control","DM",45,4,98.8602380143538,1970
10,1977,"control","DM",44,4,97.2079476020466,1970
10,1977,"control","DM",41,4,92.1934694843704,1970
10,1977,"control","DM",45,4,98.8602380143538,1970
10,1977,"control","DM",46,4,100.503373641219,1970
10,1977,"control","DM",36,4,83.6255798186177,1970
10,1977,"control","DO",41,4,92.1934694843704,1970
10,1977,"control","DM",49,4,105.380274719703,1970
10,1977,"control","DM",44,4,97.2079476020466,1970
10,1977,"control","DM",41,4,92.1934694843704,1970
10,1977,"control","DM",42,4,93.8748452722046,1970
10,1977,"control","PF",8,4,27.0663539374619,1970
10,1977,"control","DM",40,4,90.5018089336904,1970
10,1977,"control","DM",41,4,92.1934694843704,1970
10,1977,"control","DM",39,4,88.7995411482622,1970
10,1977,"control","DM",47,4,102.137602618615,1970
10,1977,"control","DM",42,4,93.8748452722046,1970
10,1977,"control","DM",44,4,97.2079476020466,1970
10,1977,"control","DM",47,4,102.137602618615,1970
10,1977,"control","DM",40,4,90.5018089336904,1970
10,1977,"control","DM",45,4,98.8602380143538,1970
10,1977,"exclosure","DM",48,4,103.763161232581,1970
10,1977,"removal","DM",23,4,59.7596635079572,1970
10,1977,"control","DM",41,4,92.1934694843704,1970
10,1977,"control","DM",48,4,103.763161232581,1970
10,1977,"control","DO",48,4,103.763161232581,1970
10,1977,"control","DM",29,4,71.1067394489141,1970
10,1977,"control","DM",39,4,88.7995411482622,1970
10,1977,"control","DO",31,4,74.7538451814357,1970
10,1977,"control","DM",50,4,106.989157998308,1970
10,1977,"control","DM",37,4,85.3617990345562,1970
10,1977,"control","DM",46,4,100.503373641219,1970
10,1977,"exclosure","DM",49,4,105.380274719703,1970
10,1977,"exclosure","DM",44,4,97.2079476020466,1970
10,1977,"exclosure","DM",42,4,93.8748452722046,1970
10,1977,"exclosure","RM",13,4,38.9555894891111,1970
10,1977,"exclosure","DM",31,4,74.7538451814357,1970
10,1977,"control","DM",39,4,88.7995411482622,1970
10,1977,"control","DM",43,4,95.5462415403459,1970
10,1977,"control","PE",20,4,53.8126975522807,1970
10,1977,"control","DM",41,4,92.1934694843704,1970
10,1977,"exclosure","DM",40,4,90.5018089336904,1970
10,1977,"control","DM",42,4,93.8748452722046,1970
10,1977,"control","DM",36,4,83.6255798186177,1970
11,1977,"control","DM",40,5,90.5018089336904,1970
11,1977,"control","DO",44,5,97.2079476020466,1970
11,1977,"control","DS",121,5,207.587545628344,1970
11,1977,"control","DM",35,5,81.8772598057385,1970
11,1977,"control","PF",7,5,24.4870121320489,1970
11,1977,"control","DO",48,5,103.763161232581,1970
11,1977,"control","DM",36,5,83.6255798186177,1970
11,1977,"control","DM",47,5,102.137602618615,1970
11,1977,"control","DM",44,5,97.2079476020466,1970
11,1977,"control","DM",40,5,90.5018089336904,1970
11,1977,"control","DS",107,5,189.299775825279,1970
11,1977,"control","DS",115,5,199.818477997998,1970
11,1977,"control","DS",116,5,201.120230609569,1970
11,1977,"control","DS",137,5,227.851919598639,1970
11,1977,"control","DM",42,5,93.8748452722046,1970
11,1977,"control","DS",126,5,213.988372268528,1970
11,1977,"control","DM",41,5,92.1934694843704,1970
11,1977,"control","DM",40,5,90.5018089336904,1970
11,1977,"control","DM",36,5,83.6255798186177,1970
11,1977,"control","PF",6,5,21.8135175789677,1970
11,1977,"control","DS",112,5,195.896097056391,1970
11,1977,"control","DO",39,5,88.7995411482622,1970
11,1977,"control","DS",117,5,202.41918070181,1970
11,1977,"control","DM",46,5,100.503373641219,1970
11,1977,"control","PF",7,5,24.4870121320489,1970
11,1977,"control","DM",40,5,90.5018089336904,1970
11,1977,"control","PF",6,5,21.8135175789677,1970
11,1977,"control","DS",120,5,206.29951213152,1970
11,1977,"control","DS",126,5,213.988372268528,1970
11,1977,"control","DM",37,5,85.3617990345562,1970
11,1977,"control","DM",39,5,88.7995411482622,1970
11,1977,"control","PF",7,5,24.4870121320489,1970
11,1977,"control","DS",122,5,208.872920612232,1970
11,1977,"control","DM",40,5,90.5018089336904,1970
11,1977,"control","DM",38,5,87.0863249865208,1970
11,1977,"control","DM",44,5,97.2079476020466,1970
11,1977,"control","PF",7,5,24.4870121320489,1970
11,1977,"control","DM",40,5,90.5018089336904,1970
11,1977,"control","DM",44,5,97.2079476020466,1970
11,1977,"control","DS",113,5,197.206442630021,1970
11,1977,"control","DM",43,5,95.5462415403459,1970
11,1977,"control","DM",40,5,90.5018089336904,1970
11,1977,"control","DM",38,5,87.0863249865208,1970
11,1977,"control","DS",118,5,203.715358184933,1970
11,1977,"control","DM",40,5,90.5018089336904,1970
11,1977,"control","DS",132,5,221.586202550956,1970
11,1977,"control","RM",7,5,24.4870121320489,1970
11,1977,"control","DM",39,5,88.7995411482622,1970
11,1977,"control","DM",40,5,90.5018089336904,1970
11,1977,"control","DM",44,5,97.2079476020466,1970
11,1977,"control","DM",39,5,88.7995411482622,1970
11,1977,"control","DS",115,5,199.818477997998,1970
11,1977,"control","DM",39,5,88.7995411482622,1970
11,1977,"control","DM",45,5,98.8602380143538,1970
11,1977,"control","DM",35,5,81.8772598057385,1970
12,1977,"control","DM",38,6,87.0863249865208,1970
12,1977,"control","PF",7,6,24.4870121320489,1970
12,1977,"control","DO",45,6,98.8602380143538,1970
12,1977,"control","DM",38,6,87.0863249865208,1970
12,1977,"control","DM",42,6,93.8748452722046,1970
12,1977,"control","DM",52,6,110.18304597148,1970
12,1977,"control","DM",37,6,85.3617990345562,1970
12,1977,"control","DM",47,6,102.137602618615,1970
12,1977,"control","DM",43,6,95.5462415403459,1970
12,1977,"exclosure","PF",7,6,24.4870121320489,1970
12,1977,"control","DS",134,6,224.099488446291,1970
12,1977,"control","DS",118,6,203.715358184933,1970
12,1977,"control","PF",6,6,21.8135175789677,1970
12,1977,"control","DS",110,6,193.266588328572,1970
12,1977,"control","DS",139,6,230.342123685968,1970
12,1977,"control","DM",43,6,95.5462415403459,1970
12,1977,"control","DM",36,6,83.6255798186177,1970
12,1977,"control","DO",41,6,92.1934694843704,1970
12,1977,"control","PF",6,6,21.8135175789677,1970
12,1977,"control","DS",120,6,206.29951213152,1970
12,1977,"control","DS",149,6,242.66210896082,1970
12,1977,"control","DS",121,6,207.587545628344,1970
12,1977,"control","DO",40,6,90.5018089336904,1970
12,1977,"control","PF",7,6,24.4870121320489,1970
12,1977,"control","DM",44,6,97.2079476020466,1970
12,1977,"control","DS",116,6,201.120230609569,1970
12,1977,"control","DM",42,6,93.8748452722046,1970
12,1977,"control","DM",37,6,85.3617990345562,1970
12,1977,"control","DS",127,6,215.260853108505,1970
12,1977,"control","DM",38,6,87.0863249865208,1970
12,1977,"control","DS",127,6,215.260853108505,1970
12,1977,"control","DS",138,6,229.098149462921,1970
12,1977,"control","DS",121,6,207.587545628344,1970
12,1977,"control","DS",114,6,198.513892371031,1970
12,1977,"control","DM",36,6,83.6255798186177,1970
12,1977,"control","DM",41,6,92.1934694843704,1970
12,1977,"control","DS",110,6,193.266588328572,1970
12,1977,"control","DM",48,6,103.763161232581,1970
12,1977,"control","DM",42,6,93.8748452722046,1970
12,1977,"control","PF",7,6,24.4870121320489,1970
12,1977,"control","DM",42,6,93.8748452722046,1970
12,1977,"control","DM",41,6,92.1934694843704,1970
12,1977,"control","DM",40,6,90.5018089336904,1970
12,1977,"control","DS",114,6,198.513892371031,1970
12,1977,"control","DM",44,6,97.2079476020466,1970
12,1977,"control","DM",40,6,90.5018089336904,1970
12,1977,"control","DS",115,6,199.818477997998,1970
12,1977,"control","DM",37,6,85.3617990345562,1970
12,1977,"control","DM",46,6,100.503373641219,1970
12,1977,"control","DM",37,6,85.3617990345562,1970
12,1977,"control","DM",33,6,78.3425532205783,1970
12,1977,"control","DM",38,6,87.0863249865208,1970
12,1977,"control","DM",44,6,97.2079476020466,1970
12,1977,"control","DM",38,6,87.0863249865208,1970
12,1977,"control","DM",39,6,88.7995411482622,1970
12,1977,"control","DS",116,6,201.120230609569,1970
12,1977,"control","DM",45,6,98.8602380143538,1970
1,1978,"control","DM",40,7,90.5018089336904,1970
1,1978,"control","DM",36,7,83.6255798186177,1970
1,1978,"control","DS",135,7,225.352610205948,1970
1,1978,"control","DM",44,7,97.2079476020466,1970
1,1978,"control","DM",38,7,87.0863249865208,1970
1,1978,"control","PE",22,7,57.8001914615828,1970
1,1978,"control","DM",38,7,87.0863249865208,1970
1,1978,"control","DM",48,7,103.763161232581,1970
1,1978,"control","DM",43,7,95.5462415403459,1970
1,1978,"control","DM",35,7,81.8772598057385,1970
1,1978,"control","DM",43,7,95.5462415403459,1970
1,1978,"control","DM",37,7,85.3617990345562,1970
1,1978,"control","PF",7,7,24.4870121320489,1970
1,1978,"control","DM",45,7,98.8602380143538,1970
1,1978,"exclosure","PF",7,7,24.4870121320489,1970
1,1978,"control","DS",132,7,221.586202550956,1970
1,1978,"control","DS",126,7,213.988372268528,1970
1,1978,"control","DS",135,7,225.352610205948,1970
1,1978,"control","DS",122,7,208.872920612232,1970
1,1978,"control","DM",45,7,98.8602380143538,1970
1,1978,"control","DM",36,7,83.6255798186177,1970
1,1978,"control","DS",150,7,243.882540674793,1970
1,1978,"control","DS",136,7,226.603413493298,1970
1,1978,"control","DS",122,7,208.872920612232,1970
1,1978,"control","PF",7,7,24.4870121320489,1970
1,1978,"control","DO",42,7,93.8748452722046,1970
1,1978,"control","DM",46,7,100.503373641219,1970
1,1978,"control","DS",117,7,202.41918070181,1970
1,1978,"control","DM",43,7,95.5462415403459,1970
1,1978,"control","DM",40,7,90.5018089336904,1970
1,1978,"control","DM",44,7,97.2079476020466,1970
1,1978,"control","DS",122,7,208.872920612232,1970
1,1978,"control","DM",39,7,88.7995411482622,1970
1,1978,"control","DS",136,7,226.603413493298,1970
1,1978,"control","DM",35,7,81.8772598057385,1970
1,1978,"control","DM",41,7,92.1934694843704,1970
1,1978,"control","DM",43,7,95.5462415403459,1970
1,1978,"control","PF",8,7,27.0663539374619,1970
1,1978,"control","DM",42,7,93.8748452722046,1970
1,1978,"control","DM",40,7,90.5018089336904,1970
1,1978,"control","DS",116,7,201.120230609569,1970
1,1978,"control","DM",46,7,100.503373641219,1970
1,1978,"control","DM",40,7,90.5018089336904,1970
1,1978,"control","DM",37,7,85.3617990345562,1970
1,1978,"control","DS",117,7,202.41918070181,1970
1,1978,"control","DM",38,7,87.0863249865208,1970
1,1978,"control","DS",133,7,222.844026566197,1970
1,1978,"control","DS",141,7,232.823385949575,1970
1,1978,"control","DM",38,7,87.0863249865208,1970
1,1978,"control","DM",33,7,78.3425532205783,1970
1,1978,"control","DM",51,7,108.590016337657,1970
1,1978,"control","DM",33,7,78.3425532205783,1970
1,1978,"control","DM",47,7,102.137602618615,1970
1,1978,"control","DM",49,7,105.380274719703,1970
1,1978,"control","DM",46,7,100.503373641219,1970
1,1978,"control","DM",36,7,83.6255798186177,1970
1,1978,"control","DS",122,7,208.872920612232,1970
2,1978,"control","DM",39,8,88.7995411482622,1970
2,1978,"control","DM",43,8,95.5462415403459,1970
2,1978,"control","DS",144,8,236.528858281606,1970
2,1978,"control","DS",157,8,252.36958043541,1970
2,1978,"control","PF",7,8,24.4870121320489,1970
2,1978,"control","DM",52,8,110.18304597148,1970
2,1978,"control","DM",51,8,108.590016337657,1970
2,1978,"control","DM",40,8,90.5018089336904,1970
2,1978,"control","DM",41,8,92.1934694843704,1970
2,1978,"control","PE",25,8,63.616133959869,1970
2,1978,"control","DS",124,8,211.43580339025,1970
2,1978,"control","DM",39,8,88.7995411482622,1970
2,1978,"control","DM",39,8,88.7995411482622,1970
2,1978,"control","DS",114,8,198.513892371031,1970
2,1978,"control","DM",56,8,116.480516210362,1970
2,1978,"control","DS",132,8,221.586202550956,1970
2,1978,"control","DS",154,8,248.744110642271,1970
2,1978,"control","DM",50,8,106.989157998308,1970
2,1978,"control","DS",126,8,213.988372268528,1970
2,1978,"control","DM",44,8,97.2079476020466,1970
2,1978,"control","DM",48,8,103.763161232581,1970
2,1978,"control","DM",36,8,83.6255798186177,1970
2,1978,"control","DS",133,8,222.844026566197,1970
2,1978,"control","DM",44,8,97.2079476020466,1970
2,1978,"control","DM",51,8,108.590016337657,1970
2,1978,"control","DM",46,8,100.503373641219,1970
2,1978,"control","DM",44,8,97.2079476020466,1970
2,1978,"exclosure","DM",49,8,105.380274719703,1970
2,1978,"exclosure","DM",50,8,106.989157998308,1970
2,1978,"exclosure","DM",40,8,90.5018089336904,1970
2,1978,"removal","DM",46,8,100.503373641219,1970
2,1978,"removal","DM",48,8,103.763161232581,1970
2,1978,"control","DM",42,8,93.8748452722046,1970
2,1978,"control","DM",39,8,88.7995411482622,1970
2,1978,"control","DS",137,8,227.851919598639,1970
2,1978,"control","DM",44,8,97.2079476020466,1970
2,1978,"control","DM",35,8,81.8772598057385,1970
2,1978,"control","DM",45,8,98.8602380143538,1970
2,1978,"control","DM",38,8,87.0863249865208,1970
2,1978,"control","DM",39,8,88.7995411482622,1970
2,1978,"control","DM",45,8,98.8602380143538,1970
3,1978,"control","DM",51,9,108.590016337657,1970
3,1978,"control","DM",44,9,97.2079476020466,1970
3,1978,"control","DS",146,9,238.988447613837,1970
3,1978,"control","PF",7,9,24.4870121320489,1970
3,1978,"control","PF",8,9,27.0663539374619,1970
3,1978,"control","DS",153,9,247.531708556524,1970
3,1978,"control","DM",53,9,111.768434661472,1970
3,1978,"control","DM",43,9,95.5462415403459,1970
3,1978,"control","PE",28,9,69.259729318276,1970
3,1978,"control","PE",29,9,71.1067394489141,1970
3,1978,"exclosure","PF",8,9,27.0663539374619,1970
3,1978,"control","DS",131,9,220.325994010241,1970
3,1978,"control","DM",43,9,95.5462415403459,1970
3,1978,"control","DS",141,9,232.823385949575,1970
3,1978,"control","DS",124,9,211.43580339025,1970
3,1978,"control","DS",137,9,227.851919598639,1970
3,1978,"control","DS",125,9,212.713364128719,1970
3,1978,"control","DS",69,9,136.222574687631,1970
3,1978,"control","DM",45,9,98.8602380143538,1970
3,1978,"control","DM",43,9,95.5462415403459,1970
3,1978,"control","DM",49,9,105.380274719703,1970
3,1978,"control","DM",47,9,102.137602618615,1970
3,1978,"control","DS",152,9,246.317323786337,1970
3,1978,"control","DO",57,9,118.037066617257,1970
3,1978,"control","DS",134,9,224.099488446291,1970
3,1978,"control","DS",128,9,216.530831499695,1970
3,1978,"control","DS",146,9,238.988447613837,1970
3,1978,"control","DS",138,9,229.098149462921,1970
3,1978,"control","DM",43,9,95.5462415403459,1970
3,1978,"control","DM",43,9,95.5462415403459,1970
3,1978,"control","DM",46,9,100.503373641219,1970
3,1978,"control","PF",8,9,27.0663539374619,1970
3,1978,"exclosure","DM",48,9,103.763161232581,1970
3,1978,"exclosure","DM",44,9,97.2079476020466,1970
3,1978,"exclosure","DM",45,9,98.8602380143538,1970
3,1978,"exclosure","DM",48,9,103.763161232581,1970
3,1978,"exclosure","DM",46,9,100.503373641219,1970
3,1978,"control","DM",44,9,97.2079476020466,1970
3,1978,"control","DM",49,9,105.380274719703,1970
3,1978,"control","DM",37,9,85.3617990345562,1970
3,1978,"control","DM",45,9,98.8602380143538,1970
3,1978,"control","DM",43,9,95.5462415403459,1970
3,1978,"control","DM",42,9,93.8748452722046,1970
3,1978,"control","DS",122,9,208.872920612232,1970
3,1978,"control","DS",133,9,222.844026566197,1970
3,1978,"control","DM",40,9,90.5018089336904,1970
4,1978,"control","DS",168,10,265.518158699255,1970
4,1978,"control","DM",43,10,95.5462415403459,1970
4,1978,"control","DS",87,10,162.088314370844,1970
4,1978,"control","DS",140,10,231.583862534442,1970
4,1978,"control","DS",89,10,164.874985886678,1970
4,1978,"control","DS",121,10,207.587545628344,1970
4,1978,"control","DS",133,10,222.844026566197,1970
4,1978,"control","DS",84,10,157.878041743788,1970
4,1978,"control","DM",42,10,93.8748452722046,1970
4,1978,"control","DS",118,10,203.715358184933,1970
4,1978,"control","DS",114,10,198.513892371031,1970
4,1978,"control","DS",76,10,146.461156997571,1970
4,1978,"control","DS",141,10,232.823385949575,1970
4,1978,"control","DM",50,10,106.989157998308,1970
4,1978,"control","DS",148,10,241.439627806472,1970
4,1978,"control","DS",142,10,234.060713554663,1970
4,1978,"control","DS",131,10,220.325994010241,1970
4,1978,"control","DM",44,10,97.2079476020466,1970
4,1978,"control","DM",46,10,100.503373641219,1970
4,1978,"control","DS",132,10,221.586202550956,1970
4,1978,"control","DS",75,10,145.013426297702,1970
4,1978,"control","DS",117,10,202.41918070181,1970
4,1978,"control","DM",45,10,98.8602380143538,1970
4,1978,"control","DS",142,10,234.060713554663,1970
4,1978,"control","DM",49,10,105.380274719703,1970
4,1978,"exclosure","DM",47,10,102.137602618615,1970
4,1978,"removal","DM",41,10,92.1934694843704,1970
4,1978,"control","DM",42,10,93.8748452722046,1970
4,1978,"control","DM",42,10,93.8748452722046,1970
4,1978,"control","DO",55,10,114.91700096632,1970
4,1978,"control","DS",142,10,234.060713554663,1970
4,1978,"control","DS",142,10,234.060713554663,1970
4,1978,"control","DM",43,10,95.5462415403459,1970
4,1978,"control","DS",84,10,157.878041743788,1970
4,1978,"control","DM",42,10,93.8748452722046,1970
4,1978,"control","DM",40,10,90.5018089336904,1970
4,1978,"control","DM",48,10,103.763161232581,1970
4,1978,"control","DM",51,10,108.590016337657,1970
5,1978,"control","DM",42,11,93.8748452722046,1970
5,1978,"control","DS",160,11,255.977771226647,1970
5,1978,"control","DS",100,11,179.933598863581,1970
5,1978,"control","DM",21,11,55.8183169587426,1970
5,1978,"control","DO",37,11,85.3617990345562,1970
5,1978,"control","DS",131,11,220.325994010241,1970
5,1978,"control","DS",54,11,113.346362215707,1970
5,1978,"control","DM",39,11,88.7995411482622,1970
5,1978,"control","DS",148,11,241.439627806472,1970
5,1978,"control","DM",41,11,92.1934694843704,1970
5,1978,"control","DM",49,11,105.380274719703,1970
5,1978,"control","DM",44,11,97.2079476020466,1970
5,1978,"control","PP",13,11,38.9555894891111,1970
5,1978,"control","DS",114,11,198.513892371031,1970
5,1978,"control","DS",126,11,213.988372268528,1970
5,1978,"control","DS",120,11,206.29951213152,1970
5,1978,"control","DS",68,11,134.739195805067,1970
5,1978,"control","DS",83,11,156.466308239007,1970
5,1978,"control","DM",40,11,90.5018089336904,1970
5,1978,"control","DS",137,11,227.851919598639,1970
5,1978,"control","DS",57,11,118.037066617257,1970
5,1978,"control","DM",37,11,85.3617990345562,1970
5,1978,"control","DS",83,11,156.466308239007,1970
5,1978,"control","DS",74,11,143.560861615533,1970
5,1978,"control","DM",41,11,92.1934694843704,1970
5,1978,"control","DS",108,11,190.625099338474,1970
5,1978,"control","DO",54,11,113.346362215707,1970
5,1978,"control","PF",7,11,24.4870121320489,1970
5,1978,"control","DS",125,11,212.713364128719,1970
5,1978,"control","DS",129,11,217.798331856724,1970
5,1978,"control","DM",35,11,81.8772598057385,1970
5,1978,"control","DS",64,11,128.750002718447,1970
5,1978,"control","DS",90,11,166.262439514798,1970
5,1978,"control","DS",118,11,203.715358184933,1970
5,1978,"control","DM",42,11,93.8748452722046,1970
5,1978,"control","DM",29,11,71.1067394489141,1970
5,1978,"control","PP",15,11,43.3691300549964,1970
5,1978,"control","DM",29,11,71.1067394489141,1970
5,1978,"control","DS",97,11,175.869717951792,1970
5,1978,"control","DM",21,11,55.8183169587426,1970
5,1978,"control","DS",121,11,207.587545628344,1970
5,1978,"control","DM",41,11,92.1934694843704,1970
5,1978,"control","DS",83,11,156.466308239007,1970
5,1978,"control","DS",121,11,207.587545628344,1970
5,1978,"control","DM",44,11,97.2079476020466,1970
5,1978,"exclosure","DM",41,11,92.1934694843704,1970
5,1978,"removal","DM",48,11,103.763161232581,1970
5,1978,"control","PM",22,11,57.8001914615828,1970
5,1978,"control","DM",23,11,59.7596635079572,1970
5,1978,"control","DS",131,11,220.325994010241,1970
5,1978,"control","DM",41,11,92.1934694843704,1970
5,1978,"control","DS",115,11,199.818477997998,1970
5,1978,"control","DM",38,11,87.0863249865208,1970
5,1978,"control","DM",21,11,55.8183169587426,1970
5,1978,"control","DO",18,11,49.7240672582641,1970
5,1978,"control","DM",41,11,92.1934694843704,1970
5,1978,"control","DM",41,11,92.1934694843704,1970
5,1978,"control","DS",102,11,182.625910941356,1970
5,1978,"control","DS",138,11,229.098149462921,1970
5,1978,"control","DM",43,11,95.5462415403459,1970
5,1978,"control","DM",31,11,74.7538451814357,1970
5,1978,"control","DS",130,11,219.06337816878,1970
5,1978,"control","DM",40,11,90.5018089336904,1970
5,1978,"control","DS",116,11,201.120230609569,1970
6,1978,"control","DS",160,12,255.977771226647,1970
6,1978,"control","DM",40,12,90.5018089336904,1970
6,1978,"control","DS",100,12,179.933598863581,1970
6,1978,"control","DO",38,12,87.0863249865208,1970
6,1978,"control","DS",134,12,224.099488446291,1970
6,1978,"control","DS",59,12,121.129876694425,1970
6,1978,"control","DS",58,12,119.586804605943,1970
6,1978,"control","DS",149,12,242.66210896082,1970
6,1978,"control","PF",8,12,27.0663539374619,1970
6,1978,"control","DM",43,12,95.5462415403459,1970
6,1978,"control","DS",122,12,208.872920612232,1970
6,1978,"control","DS",119,12,205.00879239941,1970
6,1978,"control","DS",81,12,153.63,1970
6,1978,"control","DS",93,12,170.401917625588,1970
6,1978,"control","DS",71,12,139.17333295091,1970
6,1978,"control","DS",134,12,224.099488446291,1970
6,1978,"control","DM",50,12,106.989157998308,1970
6,1978,"control","DM",24,12,61.6979448064802,1970
6,1978,"control","DS",82,12,155.05031599842,1970
6,1978,"control","DM",38,12,87.0863249865208,1970
6,1978,"control","DS",32,12,76.5552096446982,1970
6,1978,"control","DS",73,12,142.103381152915,1970
6,1978,"control","DM",41,12,92.1934694843704,1970
6,1978,"control","DS",110,12,193.266588328572,1970
6,1978,"control","DO",55,12,114.91700096632,1970
6,1978,"control","DS",125,12,212.713364128719,1970
6,1978,"control","DO",55,12,114.91700096632,1970
6,1978,"control","PF",8,12,27.0663539374619,1970
6,1978,"control","DS",124,12,211.43580339025,1970
6,1978,"control","DM",40,12,90.5018089336904,1970
6,1978,"control","DS",70,12,137.700588522885,1970
6,1978,"control","DM",36,12,83.6255798186177,1970
6,1978,"control","DS",71,12,139.17333295091,1970
6,1978,"control","DS",94,12,171.774287809203,1970
6,1978,"control","DS",100,12,179.933598863581,1970
6,1978,"control","DS",119,12,205.00879239941,1970
6,1978,"control","DM",43,12,95.5462415403459,1970
6,1978,"control","DS",98,12,177.227790500499,1970
6,1978,"control","DM",26,12,65.5152311109777,1970
6,1978,"control","PP",15,12,43.3691300549964,1970
6,1978,"control","DS",90,12,166.262439514798,1970
6,1978,"control","DS",84,12,157.878041743788,1970
6,1978,"control","DS",115,12,199.818477997998,1970
6,1978,"control","DM",16,12,45.52,1970
6,1978,"control","DM",19,12,51.7818386467049,1970
6,1978,"control","DM",39,12,88.7995411482622,1970
6,1978,"control","DS",84,12,157.878041743788,1970
6,1978,"control","PP",17,12,47.6374995226924,1970
6,1978,"control","DS",107,12,189.299775825279,1970
6,1978,"control","DM",24,12,61.6979448064802,1970
6,1978,"control","DM",46,12,100.503373641219,1970
6,1978,"control","DS",122,12,208.872920612232,1970
6,1978,"control","DM",28,12,69.259729318276,1970
6,1978,"removal","DM",48,12,103.763161232581,1970
6,1978,"control","DM",29,12,71.1067394489141,1970
6,1978,"control","DM",43,12,95.5462415403459,1970
6,1978,"control","DS",123,12,210.155664294767,1970
6,1978,"control","DS",133,12,222.844026566197,1970
6,1978,"control","DM",29,12,71.1067394489141,1970
6,1978,"control","DM",43,12,95.5462415403459,1970
6,1978,"control","DO",23,12,59.7596635079572,1970
6,1978,"control","DM",23,12,59.7596635079572,1970
6,1978,"control","DS",136,12,226.603413493298,1970
6,1978,"control","DS",102,12,182.625910941356,1970
6,1978,"control","DM",40,12,90.5018089336904,1970
6,1978,"control","DM",42,12,93.8748452722046,1970
6,1978,"control","DM",37,12,85.3617990345562,1970
6,1978,"control","DM",46,12,100.503373641219,1970
6,1978,"control","DM",48,12,103.763161232581,1970
6,1978,"control","DM",26,12,65.5152311109777,1970
6,1978,"control","DM",42,12,93.8748452722046,1970
6,1978,"control","DS",124,12,211.43580339025,1970
6,1978,"exclosure","PF",8,12,27.0663539374619,1970
6,1978,"control","DS",120,12,206.29951213152,1970
6,1978,"control","DM",45,12,98.8602380143538,1970
6,1978,"control","DS",117,12,202.41918070181,1970
6,1978,"control","DS",99,12,178.582402926163,1970
6,1978,"control","PF",7,12,24.4870121320489,1970
7,1978,"control","DM",45,13,98.8602380143538,1970
7,1978,"control","DS",101,13,181.281420966944,1970
7,1978,"control","DS",63,13,127.238247414792,1970
7,1978,"control","DS",65,13,130.255863977422,1970
7,1978,"control","DS",130,13,219.06337816878,1970
7,1978,"control","DM",46,13,100.503373641219,1970
7,1978,"control","DM",43,13,95.5462415403459,1970
7,1978,"control","DS",130,13,219.06337816878,1970
7,1978,"control","DM",36,13,83.6255798186177,1970
7,1978,"control","DS",81,13,153.63,1970
7,1978,"control","DS",80,13,152.205293412634,1970
7,1978,"control","DS",118,13,203.715358184933,1970
7,1978,"control","DS",91,13,167.646044363968,1970
7,1978,"control","DM",47,13,102.137602618615,1970
7,1978,"control","DS",133,13,222.844026566197,1970
7,1978,"control","DS",71,13,139.17333295091,1970
7,1978,"control","DS",85,13,159.285579795597,1970
7,1978,"control","DO",51,13,108.590016337657,1970
7,1978,"control","DS",124,13,211.43580339025,1970
7,1978,"control","DS",111,13,194.582823293626,1970
7,1978,"control","DS",127,13,215.260853108505,1970
7,1978,"control","DM",36,13,83.6255798186177,1970
7,1978,"control","DS",86,13,160.688984004485,1970
7,1978,"control","DM",34,13,80.1164051605652,1970
7,1978,"control","DS",98,13,177.227790500499,1970
7,1978,"control","PP",16,13,45.52,1970
7,1978,"control","DS",122,13,208.872920612232,1970
7,1978,"control","DM",48,13,103.763161232581,1970
7,1978,"control","DS",96,13,174.508140631742,1970
7,1978,"control","DM",44,13,97.2079476020466,1970
7,1978,"control","DM",17,13,47.6374995226924,1970
7,1978,"control","DS",122,13,208.872920612232,1970
7,1978,"control","DS",95,13,173.143012844186,1970
7,1978,"control","DS",87,13,162.088314370844,1970
7,1978,"control","DM",27,13,67.3961502032971,1970
7,1978,"control","DM",40,13,90.5018089336904,1970
7,1978,"control","DM",43,13,95.5462415403459,1970
7,1978,"control","DS",106,13,187.971352090702,1970
7,1978,"control","DM",46,13,100.503373641219,1970
7,1978,"control","DM",34,13,80.1164051605652,1970
7,1978,"control","DM",39,13,88.7995411482622,1970
7,1978,"control","DS",120,13,206.29951213152,1970
7,1978,"control","PP",10,13,31.9972214033309,1970
7,1978,"control","DM",47,13,102.137602618615,1970
7,1978,"exclosure","PP",12,13,36.6858174724557,1970
7,1978,"exclosure","PP",10,13,31.9972214033309,1970
7,1978,"removal","DM",48,13,103.763161232581,1970
7,1978,"removal","DM",46,13,100.503373641219,1970
7,1978,"control","DM",35,13,81.8772598057385,1970
7,1978,"control","DM",45,13,98.8602380143538,1970
7,1978,"control","DM",47,13,102.137602618615,1970
7,1978,"control","DM",39,13,88.7995411482622,1970
7,1978,"control","DS",132,13,221.586202550956,1970
7,1978,"control","DM",45,13,98.8602380143538,1970
7,1978,"control","DS",120,13,206.29951213152,1970
7,1978,"control","DO",33,13,78.3425532205783,1970
7,1978,"control","DS",106,13,187.971352090702,1970
7,1978,"control","DM",24,13,61.6979448064802,1970
7,1978,"control","DM",29,13,71.1067394489141,1970
7,1978,"control","DS",131,13,220.325994010241,1970
7,1978,"control","DM",37,13,85.3617990345562,1970
7,1978,"control","DM",32,13,76.5552096446982,1970
7,1978,"exclosure","PF",8,13,27.0663539374619,1970
7,1978,"control","DS",119,13,205.00879239941,1970
7,1978,"control","DS",123,13,210.155664294767,1970
7,1978,"control","DS",105,13,186.639791531301,1970
8,1978,"control","DS",100,14,179.933598863581,1970
8,1978,"control","DS",130,14,219.06337816878,1970
8,1978,"control","DS",88,14,163.483629345464,1970
8,1978,"control","DS",136,14,226.603413493298,1970
8,1978,"control","DS",70,14,137.700588522885,1970
8,1978,"control","DS",165,14,261.954114666805,1970
8,1978,"control","DM",31,14,74.7538451814357,1970
8,1978,"control","DM",47,14,102.137602618615,1970
8,1978,"control","DM",35,14,81.8772598057385,1970
8,1978,"control","DM",34,14,80.1164051605652,1970
8,1978,"control","DS",96,14,174.508140631742,1970
8,1978,"control","DS",83,14,156.466308239007,1970
8,1978,"control","DS",82,14,155.05031599842,1970
8,1978,"control","DS",119,14,205.00879239941,1970
8,1978,"control","DS",88,14,163.483629345464,1970
8,1978,"control","DS",137,14,227.851919598639,1970
8,1978,"control","DS",115,14,199.818477997998,1970
8,1978,"control","DM",43,14,95.5462415403459,1970
8,1978,"control","DS",100,14,179.933598863581,1970
8,1978,"control","PF",6,14,21.8135175789677,1970
8,1978,"control","DM",40,14,90.5018089336904,1970
8,1978,"control","DS",98,14,177.227790500499,1970
8,1978,"control","DS",122,14,208.872920612232,1970
8,1978,"control","DM",36,14,83.6255798186177,1970
8,1978,"control","DM",39,14,88.7995411482622,1970
8,1978,"control","DM",40,14,90.5018089336904,1970
8,1978,"control","DS",139,14,230.342123685968,1970
8,1978,"control","DM",17,14,47.6374995226924,1970
8,1978,"control","DS",126,14,213.988372268528,1970
8,1978,"control","DM",43,14,95.5462415403459,1970
8,1978,"control","DM",36,14,83.6255798186177,1970
8,1978,"control","DS",108,14,190.625099338474,1970
8,1978,"control","DS",120,14,206.29951213152,1970
8,1978,"control","DS",95,14,173.143012844186,1970
8,1978,"control","PP",18,14,49.7240672582641,1970
8,1978,"control","DM",44,14,97.2079476020466,1970
8,1978,"control","DS",105,14,186.639791531301,1970
8,1978,"control","DM",32,14,76.5552096446982,1970
8,1978,"control","DM",39,14,88.7995411482622,1970
8,1978,"control","DM",41,14,92.1934694843704,1970
8,1978,"control","DM",34,14,80.1164051605652,1970
8,1978,"control","DS",123,14,210.155664294767,1970
8,1978,"control","DM",36,14,83.6255798186177,1970
8,1978,"control","DM",43,14,95.5462415403459,1970
8,1978,"exclosure","PP",14,14,41.1820814442282,1970
8,1978,"removal","DM",48,14,103.763161232581,1970
8,1978,"removal","DM",49,14,105.380274719703,1970
8,1978,"control","PE",19,14,51.7818386467049,1970
8,1978,"control","PE",14,14,41.1820814442282,1970
8,1978,"control","DM",37,14,85.3617990345562,1970
8,1978,"control","DS",123,14,210.155664294767,1970
8,1978,"control","DM",50,14,106.989157998308,1970
8,1978,"control","DM",44,14,97.2079476020466,1970
8,1978,"control","DO",38,14,87.0863249865208,1970
8,1978,"control","DS",138,14,229.098149462921,1970
8,1978,"control","DM",33,14,78.3425532205783,1970
8,1978,"control","DS",112,14,195.896097056391,1970
8,1978,"control","DM",41,14,92.1934694843704,1970
8,1978,"control","DM",36,14,83.6255798186177,1970
8,1978,"control","DM",30,14,72.9378919918372,1970
8,1978,"exclosure","PM",21,14,55.8183169587426,1970
8,1978,"exclosure","PM",19,14,51.7818386467049,1970
8,1978,"control","DM",36,14,83.6255798186177,1970
8,1978,"control","PP",13,14,38.9555894891111,1970
8,1978,"exclosure","PF",8,14,27.0663539374619,1970
8,1978,"exclosure","PP",14,14,41.1820814442282,1970
8,1978,"control","DM",45,14,98.8602380143538,1970
8,1978,"control","DS",115,14,199.818477997998,1970
9,1978,"control","DS",123,15,210.155664294767,1970
9,1978,"control","DS",124,15,211.43580339025,1970
9,1978,"control","DS",138,15,229.098149462921,1970
9,1978,"control","DS",158,15,253.574210279017,1970
9,1978,"control","DM",41,15,92.1934694843704,1970
9,1978,"control","DM",42,15,93.8748452722046,1970
9,1978,"control","DM",47,15,102.137602618615,1970
9,1978,"control","PE",20,15,53.8126975522807,1970
9,1978,"control","PP",19,15,51.7818386467049,1970
9,1978,"control","PE",17,15,47.6374995226924,1970
9,1978,"exclosure","PP",13,15,38.9555894891111,1970
9,1978,"exclosure","PF",7,15,24.4870121320489,1970
9,1978,"control","DM",39,15,88.7995411482622,1970
9,1978,"control","DS",118,15,203.715358184933,1970
9,1978,"control","PF",6,15,21.8135175789677,1970
9,1978,"control","DS",77,15,147.904133095407,1970
9,1978,"control","DS",125,15,212.713364128719,1970
9,1978,"control","DM",37,15,85.3617990345562,1970
9,1978,"control","DM",39,15,88.7995411482622,1970
9,1978,"control","DM",49,15,105.380274719703,1970
9,1978,"control","DS",140,15,231.583862534442,1970
9,1978,"control","DM",38,15,87.0863249865208,1970
9,1978,"control","DS",126,15,213.988372268528,1970
9,1978,"control","DS",106,15,187.971352090702,1970
9,1978,"control","DM",46,15,100.503373641219,1970
9,1978,"control","DS",106,15,187.971352090702,1970
9,1978,"control","DS",114,15,198.513892371031,1970
9,1978,"control","DO",45,15,98.8602380143538,1970
9,1978,"control","DM",43,15,95.5462415403459,1970
9,1978,"removal","PE",24,15,61.6979448064802,1970
9,1978,"removal","PE",19,15,51.7818386467049,1970
9,1978,"control","DS",122,15,208.872920612232,1970
9,1978,"control","DO",54,15,113.346362215707,1970
9,1978,"control","DM",40,15,90.5018089336904,1970
9,1978,"control","DS",134,15,224.099488446291,1970
9,1978,"control","DM",40,15,90.5018089336904,1970
9,1978,"control","PF",8,15,27.0663539374619,1970
9,1978,"control","DS",133,15,222.844026566197,1970
9,1978,"control","DM",43,15,95.5462415403459,1970
9,1978,"control","DS",100,15,179.933598863581,1970
9,1978,"control","DM",41,15,92.1934694843704,1970
9,1978,"control","PF",7,15,24.4870121320489,1970
9,1978,"control","DS",114,15,198.513892371031,1970
9,1978,"control","DS",126,15,213.988372268528,1970
9,1978,"control","DM",45,15,98.8602380143538,1970
9,1978,"control","DM",30,15,72.9378919918372,1970
9,1978,"control","PP",14,15,41.1820814442282,1970
9,1978,"control","PP",13,15,38.9555894891111,1970
9,1978,"control","DS",110,15,193.266588328572,1970
9,1978,"control","DM",41,15,92.1934694843704,1970
9,1978,"control","DS",107,15,189.299775825279,1970
9,1978,"control","PP",19,15,51.7818386467049,1970
9,1978,"control","DM",31,15,74.7538451814357,1970
9,1978,"control","DS",124,15,211.43580339025,1970
9,1978,"control","DS",100,15,179.933598863581,1970
9,1978,"control","DM",37,15,85.3617990345562,1970
9,1978,"control","DM",47,15,102.137602618615,1970
9,1978,"control","DS",86,15,160.688984004485,1970
9,1978,"control","DS",112,15,195.896097056391,1970
9,1978,"control","DM",38,15,87.0863249865208,1970
9,1978,"control","DM",40,15,90.5018089336904,1970
9,1978,"control","DM",47,15,102.137602618615,1970
9,1978,"control","DM",47,15,102.137602618615,1970
9,1978,"exclosure","PP",15,15,43.3691300549964,1970
9,1978,"exclosure","PF",6,15,21.8135175789677,1970
9,1978,"control","DM",46,15,100.503373641219,1970
9,1978,"control","DS",122,15,208.872920612232,1970
9,1978,"control","DM",52,15,110.18304597148,1970
9,1978,"control","DM",49,15,105.380274719703,1970
9,1978,"control","DS",136,15,226.603413493298,1970
9,1978,"control","DM",44,15,97.2079476020466,1970
9,1978,"control","DS",107,15,189.299775825279,1970
9,1978,"control","DS",134,15,224.099488446291,1970
9,1978,"control","DM",38,15,87.0863249865208,1970
9,1978,"control","PE",16,15,45.52,1970
9,1978,"exclosure","PF",6,15,21.8135175789677,1970
9,1978,"exclosure","PE",13,15,38.9555894891111,1970
9,1978,"control","DM",39,15,88.7995411482622,1970
9,1978,"control","PF",8,15,27.0663539374619,1970
9,1978,"control","DS",127,15,215.260853108505,1970
9,1978,"exclosure","PF",7,15,24.4870121320489,1970
9,1978,"exclosure","PP",15,15,43.3691300549964,1970
9,1978,"control","DS",110,15,193.266588328572,1970
9,1978,"control","DS",128,15,216.530831499695,1970
9,1978,"control","DS",125,15,212.713364128719,1970
10,1978,"control","DS",120,16,206.29951213152,1970
10,1978,"control","DM",38,16,87.0863249865208,1970
10,1978,"control","DS",125,16,212.713364128719,1970
10,1978,"control","DM",51,16,108.590016337657,1970
10,1978,"control","PF",6,16,21.8135175789677,1970
10,1978,"control","DS",149,16,242.66210896082,1970
10,1978,"control","DM",39,16,88.7995411482622,1970
10,1978,"control","DM",42,16,93.8748452722046,1970
10,1978,"exclosure","PF",6,16,21.8135175789677,1970
10,1978,"control","DM",36,16,83.6255798186177,1970
10,1978,"control","DS",115,16,199.818477997998,1970
10,1978,"control","DS",120,16,206.29951213152,1970
10,1978,"control","DS",131,16,220.325994010241,1970
10,1978,"control","DM",46,16,100.503373641219,1970
10,1978,"control","DS",110,16,193.266588328572,1970
10,1978,"control","DM",38,16,87.0863249865208,1970
10,1978,"control","DS",102,16,182.625910941356,1970
10,1978,"control","DM",45,16,98.8602380143538,1970
10,1978,"control","DS",118,16,203.715358184933,1970
10,1978,"control","DO",50,16,106.989157998308,1970
10,1978,"control","DS",129,16,217.798331856724,1970
10,1978,"control","DM",35,16,81.8772598057385,1970
10,1978,"control","DM",41,16,92.1934694843704,1970
10,1978,"control","DS",129,16,217.798331856724,1970
10,1978,"control","DS",132,16,221.586202550956,1970
10,1978,"control","DS",98,16,177.227790500499,1970
10,1978,"control","DM",37,16,85.3617990345562,1970
10,1978,"control","DS",99,16,178.582402926163,1970
10,1978,"control","DM",45,16,98.8602380143538,1970
10,1978,"control","DS",108,16,190.625099338474,1970
10,1978,"control","DM",45,16,98.8602380143538,1970
10,1978,"control","PP",15,16,43.3691300549964,1970
10,1978,"control","DO",45,16,98.8602380143538,1970
10,1978,"control","DS",118,16,203.715358184933,1970
10,1978,"control","PF",6,16,21.8135175789677,1970
10,1978,"control","DM",38,16,87.0863249865208,1970
10,1978,"control","DM",41,16,92.1934694843704,1970
10,1978,"control","DM",41,16,92.1934694843704,1970
10,1978,"control","DM",40,16,90.5018089336904,1970
10,1978,"control","DS",120,16,206.29951213152,1970
10,1978,"control","DM",37,16,85.3617990345562,1970
10,1978,"control","PF",7,16,24.4870121320489,1970
10,1978,"control","PP",20,16,53.8126975522807,1970
10,1978,"control","DS",106,16,187.971352090702,1970
10,1978,"control","DM",37,16,85.3617990345562,1970
10,1978,"control","DM",37,16,85.3617990345562,1970
10,1978,"control","DS",121,16,207.587545628344,1970
10,1978,"control","DM",45,16,98.8602380143538,1970
10,1978,"exclosure","PP",16,16,45.52,1970
10,1978,"exclosure","PF",7,16,24.4870121320489,1970
10,1978,"control","DM",41,16,92.1934694843704,1970
10,1978,"control","DS",134,16,224.099488446291,1970
10,1978,"control","DM",42,16,93.8748452722046,1970
10,1978,"control","DS",121,16,207.587545628344,1970
10,1978,"control","DM",48,16,103.763161232581,1970
10,1978,"control","PF",7,16,24.4870121320489,1970
10,1978,"control","DS",113,16,197.206442630021,1970
10,1978,"control","DS",112,16,195.896097056391,1970
10,1978,"control","DS",135,16,225.352610205948,1970
10,1978,"control","PP",16,16,45.52,1970
10,1978,"control","DM",39,16,88.7995411482622,1970
10,1978,"exclosure","PE",18,16,49.7240672582641,1970
10,1978,"control","DM",41,16,92.1934694843704,1970
10,1978,"control","DM",35,16,81.8772598057385,1970
10,1978,"control","DS",131,16,220.325994010241,1970
10,1978,"control","DS",112,16,195.896097056391,1970
10,1978,"control","DS",124,16,211.43580339025,1970
11,1978,"control","DM",39,17,88.7995411482622,1970
11,1978,"control","DS",133,17,222.844026566197,1970
11,1978,"control","DS",125,17,212.713364128719,1970
11,1978,"control","DM",39,17,88.7995411482622,1970
11,1978,"control","DS",130,17,219.06337816878,1970
11,1978,"control","DM",38,17,87.0863249865208,1970
11,1978,"control","PE",22,17,57.8001914615828,1970
11,1978,"control","DM",41,17,92.1934694843704,1970
11,1978,"control","DM",36,17,83.6255798186177,1970
11,1978,"control","DS",111,17,194.582823293626,1970
11,1978,"control","DM",38,17,87.0863249865208,1970
11,1978,"control","DS",132,17,221.586202550956,1970
11,1978,"control","DM",43,17,95.5462415403459,1970
11,1978,"control","DM",41,17,92.1934694843704,1970
11,1978,"control","DM",36,17,83.6255798186177,1970
11,1978,"control","DS",111,17,194.582823293626,1970
11,1978,"control","DM",37,17,85.3617990345562,1970
11,1978,"control","DS",105,17,186.639791531301,1970
11,1978,"control","DS",124,17,211.43580339025,1970
11,1978,"control","DO",54,17,113.346362215707,1970
11,1978,"control","DM",37,17,85.3617990345562,1970
11,1978,"control","DO",45,17,98.8602380143538,1970
11,1978,"control","DM",42,17,93.8748452722046,1970
11,1978,"control","DM",38,17,87.0863249865208,1970
11,1978,"control","DS",126,17,213.988372268528,1970
11,1978,"control","DS",136,17,226.603413493298,1970
11,1978,"control","DM",39,17,88.7995411482622,1970
11,1978,"control","DS",101,17,181.281420966944,1970
11,1978,"control","DM",39,17,88.7995411482622,1970
11,1978,"control","DS",108,17,190.625099338474,1970
11,1978,"control","DM",37,17,85.3617990345562,1970
11,1978,"control","DM",45,17,98.8602380143538,1970
11,1978,"control","DM",39,17,88.7995411482622,1970
11,1978,"control","DS",116,17,201.120230609569,1970
11,1978,"control","DM",32,17,76.5552096446982,1970
11,1978,"control","DM",42,17,93.8748452722046,1970
11,1978,"control","DM",45,17,98.8602380143538,1970
11,1978,"control","DM",40,17,90.5018089336904,1970
11,1978,"control","DS",107,17,189.299775825279,1970
11,1978,"control","DM",40,17,90.5018089336904,1970
11,1978,"control","DM",37,17,85.3617990345562,1970
11,1978,"control","DM",45,17,98.8602380143538,1970
11,1978,"control","DS",121,17,207.587545628344,1970
11,1978,"control","DM",43,17,95.5462415403459,1970
11,1978,"control","DS",120,17,206.29951213152,1970
11,1978,"control","DM",40,17,90.5018089336904,1970
11,1978,"control","DS",137,17,227.851919598639,1970
11,1978,"control","DO",45,17,98.8602380143538,1970
11,1978,"control","DM",49,17,105.380274719703,1970
11,1978,"control","DM",37,17,85.3617990345562,1970
11,1978,"control","DS",119,17,205.00879239941,1970
11,1978,"control","DS",121,17,207.587545628344,1970
11,1978,"control","DM",41,17,92.1934694843704,1970
11,1978,"control","DM",38,17,87.0863249865208,1970
11,1978,"exclosure","PF",6,17,21.8135175789677,1970
11,1978,"control","DS",130,17,219.06337816878,1970
11,1978,"exclosure","PF",6,17,21.8135175789677,1970
11,1978,"control","DS",129,17,217.798331856724,1970
12,1978,"control","DM",37,18,85.3617990345562,1970
12,1978,"control","DM",38,18,87.0863249865208,1970
12,1978,"control","DM",42,18,93.8748452722046,1970
12,1978,"control","DM",46,18,100.503373641219,1970
12,1978,"control","DM",38,18,87.0863249865208,1970
12,1978,"control","DM",40,18,90.5018089336904,1970
12,1978,"control","DM",43,18,95.5462415403459,1970
12,1978,"control","DM",49,18,105.380274719703,1970
12,1978,"control","DS",118,18,203.715358184933,1970
12,1978,"control","DM",37,18,85.3617990345562,1970
12,1978,"control","DS",142,18,234.060713554663,1970
12,1978,"control","DS",113,18,197.206442630021,1970
12,1978,"control","DS",111,18,194.582823293626,1970
12,1978,"control","DM",42,18,93.8748452722046,1970
12,1978,"control","DO",52,18,110.18304597148,1970
12,1978,"control","DS",122,18,208.872920612232,1970
12,1978,"control","DS",128,18,216.530831499695,1970
12,1978,"control","DM",41,18,92.1934694843704,1970
12,1978,"control","DS",101,18,181.281420966944,1970
12,1978,"control","DM",40,18,90.5018089336904,1970
12,1978,"control","DM",37,18,85.3617990345562,1970
12,1978,"control","DM",44,18,97.2079476020466,1970
12,1978,"control","DM",46,18,100.503373641219,1970
12,1978,"control","DM",38,18,87.0863249865208,1970
12,1978,"control","DM",39,18,88.7995411482622,1970
12,1978,"control","DS",116,18,201.120230609569,1970
12,1978,"control","DM",42,18,93.8748452722046,1970
12,1978,"control","DS",111,18,194.582823293626,1970
12,1978,"control","DS",120,18,206.29951213152,1970
12,1978,"control","DM",45,18,98.8602380143538,1970
12,1978,"removal","DM",45,18,98.8602380143538,1970
12,1978,"control","DM",40,18,90.5018089336904,1970
12,1978,"control","DS",119,18,205.00879239941,1970
12,1978,"control","DO",44,18,97.2079476020466,1970
12,1978,"control","DM",44,18,97.2079476020466,1970
12,1978,"control","DS",126,18,213.988372268528,1970
12,1978,"control","DS",124,18,211.43580339025,1970
12,1978,"control","DM",38,18,87.0863249865208,1970
12,1978,"exclosure","RM",8,18,27.0663539374619,1970
12,1978,"control","DS",136,18,226.603413493298,1970
12,1978,"exclosure","RM",7,18,24.4870121320489,1970
12,1978,"control","DS",118,18,203.715358184933,1970
12,1978,"control","DS",132,18,221.586202550956,1970
12,1978,"control","DM",42,18,93.8748452722046,1970
1,1979,"control","DM",42,19,93.8748452722046,1970
1,1979,"control","PE",26,19,65.5152311109777,1970
1,1979,"control","DM",43,19,95.5462415403459,1970
1,1979,"control","DM",44,19,97.2079476020466,1970
1,1979,"control","DS",126,19,213.988372268528,1970
1,1979,"control","DM",42,19,93.8748452722046,1970
1,1979,"control","DM",44,19,97.2079476020466,1970
1,1979,"control","DM",43,19,95.5462415403459,1970
1,1979,"control","DM",49,19,105.380274719703,1970
1,1979,"control","DS",125,19,212.713364128719,1970
1,1979,"control","DM",50,19,106.989157998308,1970
1,1979,"control","DM",41,19,92.1934694843704,1970
1,1979,"control","DM",41,19,92.1934694843704,1970
1,1979,"control","DM",37,19,85.3617990345562,1970
1,1979,"control","DM",45,19,98.8602380143538,1970
1,1979,"control","DM",52,19,110.18304597148,1970
1,1979,"control","DS",128,19,216.530831499695,1970
1,1979,"control","DM",42,19,93.8748452722046,1970
1,1979,"control","DM",43,19,95.5462415403459,1970
1,1979,"control","DM",37,19,85.3617990345562,1970
1,1979,"control","DO",52,19,110.18304597148,1970
1,1979,"control","DM",50,19,106.989157998308,1970
1,1979,"control","DM",43,19,95.5462415403459,1970
1,1979,"control","DM",45,19,98.8602380143538,1970
1,1979,"control","DM",40,19,90.5018089336904,1970
1,1979,"control","DS",142,19,234.060713554663,1970
1,1979,"control","DM",48,19,103.763161232581,1970
1,1979,"removal","DM",45,19,98.8602380143538,1970
1,1979,"removal","DM",42,19,93.8748452722046,1970
1,1979,"control","DM",48,19,103.763161232581,1970
1,1979,"control","DM",42,19,93.8748452722046,1970
1,1979,"control","DM",45,19,98.8602380143538,1970
1,1979,"control","DM",42,19,93.8748452722046,1970
1,1979,"control","DM",47,19,102.137602618615,1970
1,1979,"control","DM",38,19,87.0863249865208,1970
1,1979,"control","DM",49,19,105.380274719703,1970
1,1979,"control","DS",137,19,227.851919598639,1970
1,1979,"control","DS",153,19,247.531708556524,1970
1,1979,"control","DM",44,19,97.2079476020466,1970
1,1979,"control","DM",41,19,92.1934694843704,1970
1,1979,"control","DM",48,19,103.763161232581,1970
1,1979,"control","DM",37,19,85.3617990345562,1970
1,1979,"control","DM",47,19,102.137602618615,1970
2,1979,"control","DM",43,20,95.5462415403459,1970
2,1979,"control","DM",48,20,103.763161232581,1970
2,1979,"control","DS",137,20,227.851919598639,1970
2,1979,"control","DM",44,20,97.2079476020466,1970
2,1979,"control","PM",26,20,65.5152311109777,1970
2,1979,"control","DM",44,20,97.2079476020466,1970
2,1979,"control","PM",26,20,65.5152311109777,1970
2,1979,"control","DS",130,20,219.06337816878,1970
2,1979,"control","DM",46,20,100.503373641219,1970
2,1979,"control","DM",39,20,88.7995411482622,1970
2,1979,"control","DS",142,20,234.060713554663,1970
2,1979,"control","DS",119,20,205.00879239941,1970
2,1979,"control","DS",109,20,191.94735847201,1970
2,1979,"control","DM",42,20,93.8748452722046,1970
2,1979,"control","DO",61,20,124.196581661733,1970
2,1979,"control","DS",124,20,211.43580339025,1970
2,1979,"control","DM",48,20,103.763161232581,1970
2,1979,"control","DM",44,20,97.2079476020466,1970
2,1979,"control","DS",123,20,210.155664294767,1970
2,1979,"control","DM",47,20,102.137602618615,1970
2,1979,"control","DS",60,20,122.666423824197,1970
2,1979,"control","DM",43,20,95.5462415403459,1970
2,1979,"control","DM",43,20,95.5462415403459,1970
2,1979,"control","DS",127,20,215.260853108505,1970
2,1979,"control","DM",40,20,90.5018089336904,1970
2,1979,"exclosure","PM",24,20,61.6979448064802,1970
2,1979,"removal","DM",44,20,97.2079476020466,1970
2,1979,"control","DO",48,20,103.763161232581,1970
2,1979,"control","DS",125,20,212.713364128719,1970
2,1979,"control","DS",139,20,230.342123685968,1970
2,1979,"control","DS",132,20,221.586202550956,1970
2,1979,"control","DS",131,20,220.325994010241,1970
2,1979,"control","DM",50,20,106.989157998308,1970
2,1979,"control","DM",47,20,102.137602618615,1970
2,1979,"control","DM",44,20,97.2079476020466,1970
2,1979,"control","DM",46,20,100.503373641219,1970
2,1979,"control","DS",127,20,215.260853108505,1970
2,1979,"control","DM",45,20,98.8602380143538,1970
3,1979,"control","DS",141,21,232.823385949575,1970
3,1979,"control","DS",140,21,231.583862534442,1970
3,1979,"control","DS",82,21,155.05031599842,1970
3,1979,"control","DM",54,21,113.346362215707,1970
3,1979,"control","DM",45,21,98.8602380143538,1970
3,1979,"control","DM",46,21,100.503373641219,1970
3,1979,"control","DM",23,21,59.7596635079572,1970
3,1979,"control","DM",49,21,105.380274719703,1970
3,1979,"control","DS",129,21,217.798331856724,1970
3,1979,"control","DS",142,21,234.060713554663,1970
3,1979,"control","DM",54,21,113.346362215707,1970
3,1979,"control","DM",53,21,111.768434661472,1970
3,1979,"control","DS",123,21,210.155664294767,1970
3,1979,"control","DM",45,21,98.8602380143538,1970
3,1979,"control","DS",115,21,199.818477997998,1970
3,1979,"control","DS",112,21,195.896097056391,1970
3,1979,"control","DS",71,21,139.17333295091,1970
3,1979,"control","DM",55,21,114.91700096632,1970
3,1979,"control","DM",31,21,74.7538451814357,1970
3,1979,"control","DM",46,21,100.503373641219,1970
3,1979,"control","DS",86,21,160.688984004485,1970
3,1979,"control","DM",53,21,111.768434661472,1970
3,1979,"control","DS",125,21,212.713364128719,1970
3,1979,"control","DM",37,21,85.3617990345562,1970
3,1979,"control","PF",7,21,24.4870121320489,1970
3,1979,"control","DS",58,21,119.586804605943,1970
3,1979,"control","DS",112,21,195.896097056391,1970
3,1979,"control","DS",132,21,221.586202550956,1970
3,1979,"control","DS",71,21,139.17333295091,1970
3,1979,"control","DS",73,21,142.103381152915,1970
3,1979,"control","PE",23,21,59.7596635079572,1970
3,1979,"control","DM",46,21,100.503373641219,1970
3,1979,"control","DS",71,21,139.17333295091,1970
3,1979,"control","DO",49,21,105.380274719703,1970
3,1979,"control","DS",129,21,217.798331856724,1970
3,1979,"control","DO",50,21,106.989157998308,1970
3,1979,"control","DO",29,21,71.1067394489141,1970
3,1979,"control","DS",141,21,232.823385949575,1970
3,1979,"control","DS",78,21,149.342431655497,1970
3,1979,"control","DS",127,21,215.260853108505,1970
3,1979,"control","DO",54,21,113.346362215707,1970
3,1979,"control","DM",50,21,106.989157998308,1970
3,1979,"control","PF",7,21,24.4870121320489,1970
3,1979,"control","DS",144,21,236.528858281606,1970
4,1979,"control","DM",50,22,106.989157998308,1970
4,1979,"control","DS",144,22,236.528858281606,1970
4,1979,"control","DS",71,22,139.17333295091,1970
4,1979,"control","DM",43,22,95.5462415403459,1970
4,1979,"control","DM",45,22,98.8602380143538,1970
4,1979,"control","DS",92,22,169.025853231611,1970
4,1979,"control","DS",143,22,235.295864662335,1970
4,1979,"control","DS",95,22,173.143012844186,1970
4,1979,"control","DS",130,22,219.06337816878,1970
4,1979,"control","DS",51,22,108.590016337657,1970
4,1979,"control","DS",49,22,105.380274719703,1970
4,1979,"control","DS",124,22,211.43580339025,1970
4,1979,"control","DS",46,22,100.503373641219,1970
4,1979,"control","DS",85,22,159.285579795597,1970
4,1979,"control","DS",63,22,127.238247414792,1970
4,1979,"control","DM",47,22,102.137602618615,1970
4,1979,"control","DM",46,22,100.503373641219,1970
4,1979,"control","DS",73,22,142.103381152915,1970
4,1979,"control","DS",75,22,145.013426297702,1970
4,1979,"control","DS",140,22,231.583862534442,1970
4,1979,"control","DM",34,22,80.1164051605652,1970
4,1979,"control","PE",13,22,38.9555894891111,1970
4,1979,"control","DS",97,22,175.869717951792,1970
4,1979,"control","DS",135,22,225.352610205948,1970
4,1979,"control","DS",67,22,133.250353064399,1970
4,1979,"control","DS",61,22,124.196581661733,1970
4,1979,"control","DM",65,22,130.255863977422,1970
4,1979,"control","DM",27,22,67.3961502032971,1970
4,1979,"exclosure","PP",15,22,43.3691300549964,1970
4,1979,"exclosure","PM",18,22,49.7240672582641,1970
4,1979,"control","DS",143,22,235.295864662335,1970
4,1979,"control","DS",119,22,205.00879239941,1970
4,1979,"control","DO",51,22,108.590016337657,1970
4,1979,"control","DO",48,22,103.763161232581,1970
4,1979,"control","DS",99,22,178.582402926163,1970
4,1979,"control","DS",71,22,139.17333295091,1970
4,1979,"control","PE",19,22,51.7818386467049,1970
4,1979,"control","DS",143,22,235.295864662335,1970
4,1979,"control","DS",127,22,215.260853108505,1970
4,1979,"control","DS",76,22,146.461156997571,1970
5,1979,"control","DM",19,23,51.7818386467049,1970
5,1979,"control","DS",101,23,181.281420966944,1970
5,1979,"control","DM",45,23,98.8602380143538,1970
5,1979,"control","DS",140,23,231.583862534442,1970
5,1979,"control","DS",132,23,221.586202550956,1970
5,1979,"control","DM",50,23,106.989157998308,1970
5,1979,"control","DM",53,23,111.768434661472,1970
5,1979,"control","DM",45,23,98.8602380143538,1970
5,1979,"control","DS",107,23,189.299775825279,1970
5,1979,"control","DM",44,23,97.2079476020466,1970
5,1979,"control","DM",53,23,111.768434661472,1970
5,1979,"control","DS",113,23,197.206442630021,1970
5,1979,"control","DM",21,23,55.8183169587426,1970
5,1979,"control","DS",105,23,186.639791531301,1970
5,1979,"control","DS",135,23,225.352610205948,1970
5,1979,"control","DM",46,23,100.503373641219,1970
5,1979,"control","DS",136,23,226.603413493298,1970
5,1979,"control","DS",76,23,146.461156997571,1970
5,1979,"control","DS",114,23,198.513892371031,1970
5,1979,"control","DS",63,23,127.238247414792,1970
5,1979,"control","DS",136,23,226.603413493298,1970
5,1979,"control","DS",71,23,139.17333295091,1970
5,1979,"control","DM",47,23,102.137602618615,1970
5,1979,"control","DM",46,23,100.503373641219,1970
5,1979,"control","DS",91,23,167.646044363968,1970
5,1979,"control","DM",43,23,95.5462415403459,1970
5,1979,"control","DO",41,23,92.1934694843704,1970
5,1979,"control","DS",112,23,195.896097056391,1970
5,1979,"control","DM",36,23,83.6255798186177,1970
5,1979,"control","DM",20,23,53.8126975522807,1970
5,1979,"control","DS",88,23,163.483629345464,1970
5,1979,"control","DM",40,23,90.5018089336904,1970
5,1979,"control","DS",123,23,210.155664294767,1970
5,1979,"control","DS",93,23,170.401917625588,1970
5,1979,"control","DM",57,23,118.037066617257,1970
5,1979,"exclosure","PP",20,23,53.8126975522807,1970
5,1979,"control","DM",43,23,95.5462415403459,1970
5,1979,"control","DS",73,23,142.103381152915,1970
5,1979,"control","DS",75,23,145.013426297702,1970
5,1979,"control","DS",119,23,205.00879239941,1970
5,1979,"control","DS",147,23,240.215079887395,1970
5,1979,"control","DO",29,23,71.1067394489141,1970
5,1979,"control","DS",128,23,216.530831499695,1970
5,1979,"control","DO",44,23,97.2079476020466,1970
5,1979,"control","DS",114,23,198.513892371031,1970
5,1979,"control","DO",40,23,90.5018089336904,1970
5,1979,"control","PP",20,23,53.8126975522807,1970
5,1979,"control","DS",63,23,127.238247414792,1970
5,1979,"control","DS",66,23,131.755944330015,1970
5,1979,"control","DS",147,23,240.215079887395,1970
5,1979,"control","DS",96,23,174.508140631742,1970
5,1979,"control","DM",47,23,102.137602618615,1970
5,1979,"control","DS",62,23,125.720480879001,1970
5,1979,"control","DS",60,23,122.666423824197,1970
5,1979,"control","DS",47,23,102.137602618615,1970
7,1979,"control","PP",10,24,31.9972214033309,1970
7,1979,"spectabs","DM",34,24,80.1164051605652,1970
7,1979,"spectabs","DM",50,24,106.989157998308,1970
7,1979,"spectabs","DS",112,24,195.896097056391,1970
7,1979,"spectabs","DS",110,24,193.266588328572,1970
7,1979,"control","DS",95,24,173.143012844186,1970
7,1979,"control","DS",128,24,216.530831499695,1970
7,1979,"control","DS",116,24,201.120230609569,1970
7,1979,"control","DS",96,24,174.508140631742,1970
7,1979,"control","DS",86,24,160.688984004485,1970
7,1979,"control","DS",99,24,178.582402926163,1970
7,1979,"control","DS",91,24,167.646044363968,1970
7,1979,"control","DM",32,24,76.5552096446982,1970
7,1979,"control","DS",105,24,186.639791531301,1970
7,1979,"control","DM",44,24,97.2079476020466,1970
7,1979,"control","DM",27,24,67.3961502032971,1970
7,1979,"control","DS",79,24,150.776127522502,1970
7,1979,"control","DS",120,24,206.29951213152,1970
7,1979,"control","DM",53,24,111.768434661472,1970
7,1979,"control","DS",70,24,137.700588522885,1970
7,1979,"control","DM",44,24,97.2079476020466,1970
7,1979,"control","DM",41,24,92.1934694843704,1970
7,1979,"exclosure","PP",14,24,41.1820814442282,1970
7,1979,"exclosure","PP",16,24,45.52,1970
7,1979,"control","DM",41,24,92.1934694843704,1970
7,1979,"control","DS",143,24,235.295864662335,1970
7,1979,"control","DO",38,24,87.0863249865208,1970
7,1979,"control","DM",48,24,103.763161232581,1970
7,1979,"control","DS",60,24,122.666423824197,1970
7,1979,"control","DS",59,24,121.129876694425,1970
7,1979,"control","DS",138,24,229.098149462921,1970
7,1979,"control","DO",53,24,111.768434661472,1970
7,1979,"control","PF",9,24,29.5661072852007,1970
7,1979,"control","DS",156,24,251.16303084876,1970
7,1979,"control","DS",43,24,95.5462415403459,1970
7,1979,"exclosure","PF",7,24,24.4870121320489,1970
7,1979,"exclosure","PF",8,24,27.0663539374619,1970
7,1979,"control","PF",8,24,27.0663539374619,1970
7,1979,"control","DS",120,24,206.29951213152,1970
7,1979,"removal","PE",27,24,67.3961502032971,1970
7,1979,"control","DS",141,25,232.823385949575,1970
7,1979,"control","DS",80,25,152.205293412634,1970
7,1979,"control","DS",108,25,190.625099338474,1970
7,1979,"control","DM",44,25,97.2079476020466,1970
7,1979,"control","DS",111,25,194.582823293626,1970
7,1979,"control","DM",23,25,59.7596635079572,1970
7,1979,"spectabs","DM",40,25,90.5018089336904,1970
7,1979,"control","DS",59,25,121.129876694425,1970
7,1979,"control","DS",126,25,213.988372268528,1970
7,1979,"control","DM",44,25,97.2079476020466,1970
7,1979,"control","DS",94,25,171.774287809203,1970
7,1979,"control","DS",68,25,134.739195805067,1970
7,1979,"control","DM",31,25,74.7538451814357,1970
7,1979,"control","DS",98,25,177.227790500499,1970
7,1979,"control","PP",16,25,45.52,1970
7,1979,"control","DM",45,25,98.8602380143538,1970
7,1979,"control","DS",108,25,190.625099338474,1970
7,1979,"control","DM",32,25,76.5552096446982,1970
7,1979,"control","DS",93,25,170.401917625588,1970
7,1979,"control","DM",44,25,97.2079476020466,1970
7,1979,"control","DS",93,25,170.401917625588,1970
7,1979,"control","DS",125,25,212.713364128719,1970
7,1979,"exclosure","PP",16,25,45.52,1970
7,1979,"exclosure","PP",17,25,47.6374995226924,1970
7,1979,"exclosure","PP",11,25,34.3681994673169,1970
7,1979,"exclosure","PP",11,25,34.3681994673169,1970
7,1979,"control","PE",8,25,27.0663539374619,1970
7,1979,"control","DS",99,25,178.582402926163,1970
7,1979,"control","DS",145,25,237.759713124729,1970
7,1979,"control","PF",6,25,21.8135175789677,1970
7,1979,"control","DS",133,25,222.844026566197,1970
7,1979,"control","DO",46,25,100.503373641219,1970
7,1979,"control","DO",42,25,93.8748452722046,1970
7,1979,"exclosure","PE",24,25,61.6979448064802,1970
7,1979,"control","PF",10,25,31.9972214033309,1970
7,1979,"control","DS",165,25,261.954114666805,1970
7,1979,"control","PF",9,25,29.5661072852007,1970
7,1979,"control","DM",40,25,90.5018089336904,1970
7,1979,"control","DS",78,25,149.342431655497,1970
8,1979,"control","DS",142,26,234.060713554663,1970
8,1979,"control","DM",53,26,111.768434661472,1970
8,1979,"control","DS",144,26,236.528858281606,1970
8,1979,"control","PP",14,26,41.1820814442282,1970
8,1979,"control","DM",49,26,105.380274719703,1970
8,1979,"control","DS",124,26,211.43580339025,1970
8,1979,"control","DS",117,26,202.41918070181,1970
8,1979,"spectabs","DS",93,26,170.401917625588,1970
8,1979,"spectabs","DS",87,26,162.088314370844,1970
8,1979,"control","DS",81,26,153.63,1970
8,1979,"control","DS",125,26,212.713364128719,1970
8,1979,"control","DS",93,26,170.401917625588,1970
8,1979,"control","DS",103,26,183.967109573043,1970
8,1979,"control","DM",48,26,103.763161232581,1970
8,1979,"control","DM",35,26,81.8772598057385,1970
8,1979,"control","DM",40,26,90.5018089336904,1970
8,1979,"control","DS",119,26,205.00879239941,1970
8,1979,"control","DM",47,26,102.137602618615,1970
8,1979,"control","DS",106,26,187.971352090702,1970
8,1979,"control","DS",94,26,171.774287809203,1970
8,1979,"control","DM",53,26,111.768434661472,1970
8,1979,"control","DS",128,26,216.530831499695,1970
8,1979,"control","DM",46,26,100.503373641219,1970
8,1979,"exclosure","PP",15,26,43.3691300549964,1970
8,1979,"control","DM",45,26,98.8602380143538,1970
8,1979,"control","DS",106,26,187.971352090702,1970
8,1979,"control","DO",45,26,98.8602380143538,1970
8,1979,"control","DS",144,26,236.528858281606,1970
8,1979,"control","DS",94,26,171.774287809203,1970
8,1979,"control","DO",45,26,98.8602380143538,1970
8,1979,"control","DS",148,26,241.439627806472,1970
8,1979,"control","DS",132,26,221.586202550956,1970
8,1979,"control","DS",124,26,211.43580339025,1970
8,1979,"control","DM",41,26,92.1934694843704,1970
9,1979,"control","PP",14,27,41.1820814442282,1970
9,1979,"control","PF",7,27,24.4870121320489,1970
9,1979,"control","DM",46,27,100.503373641219,1970
9,1979,"control","DM",51,27,108.590016337657,1970
9,1979,"exclosure","PF",7,27,24.4870121320489,1970
9,1979,"control","DM",46,27,100.503373641219,1970
9,1979,"control","DS",129,27,217.798331856724,1970
9,1979,"control","DS",124,27,211.43580339025,1970
9,1979,"control","DS",122,27,208.872920612232,1970
9,1979,"control","PP",14,27,41.1820814442282,1970
9,1979,"control","DM",35,27,81.8772598057385,1970
9,1979,"control","DS",106,27,187.971352090702,1970
9,1979,"control","DM",49,27,105.380274719703,1970
9,1979,"control","DM",40,27,90.5018089336904,1970
9,1979,"control","DS",131,27,220.325994010241,1970
9,1979,"control","DM",37,27,85.3617990345562,1970
9,1979,"control","DM",41,27,92.1934694843704,1970
9,1979,"control","DS",120,27,206.29951213152,1970
9,1979,"control","DM",45,27,98.8602380143538,1970
9,1979,"control","DM",46,27,100.503373641219,1970
9,1979,"exclosure","PP",16,27,45.52,1970
9,1979,"control","DM",47,27,102.137602618615,1970
9,1979,"control","DS",118,27,203.715358184933,1970
9,1979,"control","DM",50,27,106.989157998308,1970
9,1979,"control","DS",153,27,247.531708556524,1970
9,1979,"exclosure","PE",24,27,61.6979448064802,1970
9,1979,"control","DS",138,27,229.098149462921,1970
9,1979,"removal","PE",23,27,59.7596635079572,1970
9,1979,"control","DM",49,27,105.380274719703,1970
9,1979,"control","DS",119,27,205.00879239941,1970
9,1979,"control","DM",35,27,81.8772598057385,1970
9,1979,"control","DM",53,27,111.768434661472,1970
9,1979,"control","DM",43,27,95.5462415403459,1970
10,1979,"control","DM",35,28,81.8772598057385,1970
10,1979,"control","DM",47,28,102.137602618615,1970
10,1979,"exclosure","PF",7,28,24.4870121320489,1970
10,1979,"exclosure","RM",7,28,24.4870121320489,1970
10,1979,"control","DS",130,28,219.06337816878,1970
10,1979,"control","DS",126,28,213.988372268528,1970
10,1979,"control","DM",49,28,105.380274719703,1970
10,1979,"spectabs","DM",49,28,105.380274719703,1970
10,1979,"control","DO",50,28,106.989157998308,1970
10,1979,"control","DO",47,28,102.137602618615,1970
10,1979,"control","DS",120,28,206.29951213152,1970
10,1979,"control","DO",26,28,65.5152311109777,1970
10,1979,"control","DM",45,28,98.8602380143538,1970
10,1979,"control","DS",145,28,237.759713124729,1970
10,1979,"control","DM",43,28,95.5462415403459,1970
10,1979,"control","DS",123,28,210.155664294767,1970
10,1979,"control","DS",102,28,182.625910941356,1970
10,1979,"control","DS",137,28,227.851919598639,1970
10,1979,"control","PP",16,28,45.52,1970
10,1979,"control","DM",28,28,69.259729318276,1970
10,1979,"control","DM",29,28,71.1067394489141,1970
10,1979,"control","DO",52,28,110.18304597148,1970
10,1979,"control","DM",40,28,90.5018089336904,1970
10,1979,"control","DM",45,28,98.8602380143538,1970
10,1979,"control","DS",135,28,225.352610205948,1970
10,1979,"control","DM",47,28,102.137602618615,1970
10,1979,"control","DS",133,28,222.844026566197,1970
10,1979,"control","DM",49,28,105.380274719703,1970
10,1979,"exclosure","PP",16,28,45.52,1970
10,1979,"control","DM",46,28,100.503373641219,1970
10,1979,"control","DS",156,28,251.16303084876,1970
10,1979,"control","DS",123,28,210.155664294767,1970
10,1979,"control","DO",49,28,105.380274719703,1970
10,1979,"control","DS",127,28,215.260853108505,1970
10,1979,"exclosure","PE",19,28,51.7818386467049,1970
10,1979,"control","DS",151,28,245.100940013089,1970
10,1979,"control","DS",143,28,235.295864662335,1970
10,1979,"removal","PE",24,28,61.6979448064802,1970
10,1979,"control","DS",122,28,208.872920612232,1970
10,1979,"control","PE",19,28,51.7818386467049,1970
10,1979,"control","DM",50,28,106.989157998308,1970
11,1979,"control","DM",30,29,72.9378919918372,1970
11,1979,"control","PM",25,29,63.616133959869,1970
11,1979,"control","PF",7,29,24.4870121320489,1970
11,1979,"control","DM",50,29,106.989157998308,1970
11,1979,"control","DM",49,29,105.380274719703,1970
11,1979,"exclosure","PE",24,29,61.6979448064802,1970
11,1979,"exclosure","PE",17,29,47.6374995226924,1970
11,1979,"exclosure","RM",7,29,24.4870121320489,1970
11,1979,"exclosure","PF",7,29,24.4870121320489,1970
11,1979,"exclosure","PF",8,29,27.0663539374619,1970
11,1979,"control","DM",40,29,90.5018089336904,1970
11,1979,"control","DM",50,29,106.989157998308,1970
11,1979,"control","DS",128,29,216.530831499695,1970
11,1979,"spectabs","DM",30,29,72.9378919918372,1970
11,1979,"spectabs","DM",49,29,105.380274719703,1970
11,1979,"spectabs","DM",26,29,65.5152311109777,1970
11,1979,"spectabs","DM",48,29,103.763161232581,1970
11,1979,"spectabs","DM",25,29,63.616133959869,1970
11,1979,"control","PE",20,29,53.8126975522807,1970
11,1979,"control","DO",50,29,106.989157998308,1970
11,1979,"control","DM",39,29,88.7995411482622,1970
11,1979,"control","DO",44,29,97.2079476020466,1970
11,1979,"control","DM",46,29,100.503373641219,1970
11,1979,"control","DS",103,29,183.967109573043,1970
11,1979,"control","DS",134,29,224.099488446291,1970
11,1979,"control","DM",48,29,103.763161232581,1970
11,1979,"control","DM",42,29,93.8748452722046,1970
11,1979,"control","RM",9,29,29.5661072852007,1970
11,1979,"control","DM",39,29,88.7995411482622,1970
11,1979,"control","PP",16,29,45.52,1970
11,1979,"control","DM",36,29,83.6255798186177,1970
11,1979,"control","DS",133,29,222.844026566197,1970
11,1979,"control","DM",50,29,106.989157998308,1970
11,1979,"control","DM",46,29,100.503373641219,1970
11,1979,"control","DM",27,29,67.3961502032971,1970
11,1979,"control","RM",9,29,29.5661072852007,1970
11,1979,"control","DM",51,29,108.590016337657,1970
11,1979,"control","DS",141,29,232.823385949575,1970
11,1979,"control","DM",21,29,55.8183169587426,1970
11,1979,"exclosure","PF",6,29,21.8135175789677,1970
11,1979,"control","DM",48,29,103.763161232581,1970
11,1979,"control","DS",130,29,219.06337816878,1970
11,1979,"control","DO",51,29,108.590016337657,1970
11,1979,"control","DS",136,29,226.603413493298,1970
11,1979,"exclosure","RM",11,29,34.3681994673169,1970
11,1979,"exclosure","PE",21,29,55.8183169587426,1970
11,1979,"control","DM",41,29,92.1934694843704,1970
11,1979,"control","DS",154,29,248.744110642271,1970
11,1979,"control","DM",49,29,105.380274719703,1970
11,1979,"exclosure","PF",8,29,27.0663539374619,1970
11,1979,"control","DS",141,29,232.823385949575,1970
11,1979,"control","DS",143,29,235.295864662335,1970
11,1979,"removal","PE",18,29,49.7240672582641,1970
11,1979,"control","DS",124,29,211.43580339025,1970
11,1979,"control","DM",52,29,110.18304597148,1970
11,1979,"control","RM",7,29,24.4870121320489,1970
